﻿<?xml version="1.0" encoding="UTF-8"?>

<!-- This file contains job definitions in schema version 2.0 format -->
<job-scheduling-data xmlns="http://quartznet.sourceforge.net/JobSchedulingData" xmlns:xsi="http://www.w3.org/2001/XMLSchema-instance" version="2.0">
  <processing-directives>
    <overwrite-existing-data>true</overwrite-existing-data>
  </processing-directives>
  <schedule>

    <job>
      <name>testJob</name>
      <group>testGroup</group>
      <description>testtask</description>
      <job-type>Common.Utility.Job.TestJob,Common.Utility.Job</job-type>
      <durable>true</durable>
      <recover>false</recover>
    </job>
    <trigger>
      <cron>
        <name>testTrigger</name>
        <group>testGruop</group>
        <job-name>testJob</job-name>
        <job-group>orderGroup</job-group>
        <cron-expression>0 0 */2 * * ?</cron-expression>
      </cron>
    </trigger>
   

  </schedule>
</job-scheduling-data>